{
    "num_devices": [
        50,
        100,
        200,
        300,
        500
    ],
    "lafsh_per_device": 162.402,
    "pki_per_device": 1802800.0,
    "tls_per_device": 904050.0,
    "lafsh_total": [
        8120.099999999999,
        16240.199999999999,
        32480.399999999998,
        48720.6,
        81201.0
    ],
    "pki_total": [
        90140000.0,
        180280000.0,
        360560000.0,
        540840000.0,
        901400000.0
    ],
    "tls_total": [
        45202500.0,
        90405000.0,
        180810000.0,
        271215000.0,
        452025000.0
    ],
    "lafsh_breakdown": [
        2.4019999999999997,
        160.0
    ],
    "pki_breakdown": [
        1800000.0,
        2800.0
    ]
}