{
    "num_devices": [
        50,
        100,
        200,
        300,
        500
    ],
    "avg_reg_ms": [
        0.010417302449544271,
        0.030481815338134766,
        0.01822630564371745,
        0.01951138178507487,
        0.0176846186319987
    ],
    "avg_auth_ms": [
        0.11265118916829427,
        0.05760669708251953,
        0.06738543510437012,
        0.03914515177408854,
        0.032928148905436196
    ],
    "std_reg_ms": [
        0.009489257529282345,
        0.05279605287258171,
        0.007104327026936455,
        0.0006011463903736298,
        0.0035024146087208733
    ],
    "std_auth_ms": [
        0.09763970939682909,
        0.05806011474401863,
        0.06388550815375726,
        0.012404306710975966,
        0.007670913471019551
    ]
}